step,train_acc,dev_acc
9741,0.6625716625716626,0.0
19482,0.7215397215397216,0.3333333333333333
29223,0.7403767403767404,0.6666666666666666
38964,0.7362817362817363,0.3333333333333333
48705,0.7395577395577395,0.3333333333333333
