step,train_acc,dev_acc
9741,0.5438165438165438,0.3333333333333333
19482,0.7133497133497133,0.3333333333333333
29223,0.7428337428337428,0.3333333333333333
38964,0.737919737919738,0.3333333333333333
48705,0.7354627354627354,0.6666666666666666
