step,train_acc,dev_acc
609,0.27682227682227684,0.3333333333333333
1218,0.33415233415233414,0.3333333333333333
1827,0.4430794430794431,0.3333333333333333
2436,0.6945126945126945,0.0
3045,0.7346437346437347,0.6666666666666666
3654,0.7518427518427518,0.6666666666666666
4263,0.7583947583947583,0.3333333333333333
4872,0.7674037674037674,0.3333333333333333
5481,0.782964782964783,0.6666666666666666
6090,0.7747747747747747,0.3333333333333333
6699,0.7731367731367731,0.6666666666666666
